contract,bug_type,func,iter_1,iter_2,iter_3,iter_4,iter_5,iter_6,iter_7,iter_8,iter_9,iter_10,iter_11,iter_12,iter_13,iter_14,iter_15,iter_16,iter_17,iter_18,iter_19,iter_20,iter_21,iter_22,iter_23,iter_24,iter_25,iter_26,iter_27,iter_28,iter_29,iter_30,iter_31,iter_32,iter_33,iter_34,iter_35,iter_36,iter_37,iter_38,iter_39,iter_40
0x0208a56ea43c3ff6c2611071948794c2674a16b9_1,EtherLeak,kill,4,2,5,3,4,5,4,3,7,3,4,5,3,4,10,3,10,6,4,3,5,4,3,5,3,4,4,5,4,4,4,3,6,5,3,3,3,4,3,4
0x05f8b281410c9327a1bbf508db380fd967c31df6,SuicidalContract,selfdestructs,3,1,1,1,1,1,1,1,1,1,1,1,1,4,1,1,7,1,8,1,4,1,1,3,3,1,1,4,4,3,4,1,1,1,4,3,1,4,1,1
0x0d0edbcf2c0da25ac9a79c9466989e46a8f96221_1,SuicidalContract,kill,1,1,1,1,1,2,1,1,1,1,1,1,1,1,1,1,1,2,1,1,1,1,2,1,1,2,1,1,2,2,2,1,1,1,1,1,2,1,2,1
0x0d0edbcf2c0da25ac9a79c9466989e46a8f96221_1,EtherLeak,withdrawFunds,1,2,2,2,5,10,3,3,10,2,4,5,2,2,2,11,6,5,12,2,2,5,3,3,2,8,5,2,2,3,4,3,5,4,7,3,5,3,13,2
0x0d0edbcf2c0da25ac9a79c9466989e46a8f96221_2,EtherLeak,withdrawFunds,2,3,2,6,3,2,8,2,6,2,3,2,2,3,2,11,5,2,3,3,6,2,2,7,3,3,3,3,3,2,2,2,2,2,3,3,6,6,2,5
0x11eba93a0a852fd34002f5411e1663cf864edb8b_1,SuicidalContract,deprecateContract,1,1,1,16,14,1,1,1,15,1,14,1,1,1,1,1,14,2,13,1,1,1,1,1,14,1,14,13,1,1,13,15,2,1,2,1,1,1,2,1
0x11eba93a0a852fd34002f5411e1663cf864edb8b_1,EtherLeak,withdraw,352,873,636,890,4732,3575,373,603,1006,582,820,371,662,454,666,360,389,1167,604,410,77,837,2150,307,917,545,2435,227,501,570,796,983,591,613,667,189,59,710,1333,547
0x11eba93a0a852fd34002f5411e1663cf864edb8b_2,SuicidalContract,deprecateContract,13,15,13,12,16,15,15,15,14,12,13,15,13,13,13,13,13,10,13,14,14,12,15,14,12,13,14,21,15,14,14,13,14,15,14,15,19,20,13,15
0x11eba93a0a852fd34002f5411e1663cf864edb8b_3,SuicidalContract,deprecateContract,53,78,46,35,38,111,42,38,86,57,63,57,204,38,12,42,45,39,79,39,35,81,61,49,63,33,47,88,53,40,78,192,70,24,64,50,30,36,89,37
0x11eba93a0a852fd34002f5411e1663cf864edb8b_3,EtherLeak,withdraw,224,268,151,42,222,185,278,495,167,1191,262,45,224,299,381,290,197,433,398,272,170,33,150,597,800,166,171,377,176,60,45,828,412,54,121,30,81,169,291,212
0x13a517751318cce71a524006b16f7930b3515ccf,EtherLeak,withdraw,15,45,16,15,21,17,18,18,15,16,12,18,14,15,20,16,19,22,14,15,17,18,24,17,12,13,14,13,12,13,16,30,13,15,14,12,23,16,14,20
0x2120887e9e4889653770b228ee8d13231d0ef045_1,EtherLeak,Transfer_anything,31,20,20,35,6,19,30,6,6,6,29,29,5,7,182,7,35,26,26,34,20,67,4,31,5,20,18,22,31,31,28,6,27,26,22,6,29,45,56,7
0x2120887e9e4889653770b228ee8d13231d0ef045_1,EtherLeak,kill,31,20,20,35,6,19,30,6,6,6,29,29,5,7,182,7,35,26,26,34,20,67,4,31,5,20,18,22,31,31,28,6,27,26,22,6,29,45,56,7
0x2120887e9e4889653770b228ee8d13231d0ef045_2,EtherLeak,Transfer_anything,1351,6911,N/A,N/A,6641,1914,N/A,1552,N/A,N/A,N/A,694,N/A,500,N/A,N/A,391,2141,N/A,436,N/A,676,N/A,N/A,2726,2657,N/A,2481,733,2729,2122,N/A,619,N/A,N/A,N/A,2459,N/A,N/A,N/A
0x2120887e9e4889653770b228ee8d13231d0ef045_3,SuicidalContract,kill,105,40,76,38,64,100,37,93,68,240,131,31,34,25,169,35,25,29,39,57,31,183,175,67,126,88,95,139,56,70,70,35,128,44,38,45,84,69,58,77
0x2120887e9e4889653770b228ee8d13231d0ef045_3,EtherLeak,Transfer_anything,105,40,76,38,64,100,37,93,68,240,131,31,34,25,169,35,25,29,39,57,31,183,175,67,126,88,95,139,56,70,70,35,128,44,38,45,84,69,58,77
0x2120887e9e4889653770b228ee8d13231d0ef045_3,EtherLeak,kill,105,40,76,38,64,100,37,93,68,240,131,31,34,25,169,35,25,29,39,57,31,183,175,67,126,88,95,139,56,70,70,35,128,44,38,45,84,69,58,77
0x287fda15f8f002e5df9f536f10bbfc0816960f36_1,EtherLeak,@fallback,2,3,19,3,3,3,3,3,3,3,2,3,3,3,3,3,3,3,3,3,3,3,3,3,3,22,3,14,3,3,3,18,3,3,3,3,3,3,3,3
0x287fda15f8f002e5df9f536f10bbfc0816960f36_1,EtherLeak,selfdestructs,2,3,19,3,3,3,3,3,3,3,2,3,3,3,3,3,3,3,3,3,3,3,3,3,3,22,3,14,3,3,3,18,3,3,3,3,3,3,3,3
0x287fda15f8f002e5df9f536f10bbfc0816960f36_3,SuicidalContract,selfdestructs,21,7,5,6,5,6,26,16,22,7,28,30,14,15,32,23,15,17,7,26,22,5,36,15,7,14,7,6,5,23,18,20,36,8,21,6,6,8,5,6
0x287fda15f8f002e5df9f536f10bbfc0816960f36_3,EtherLeak,@fallback,21,7,5,6,5,6,22,16,22,7,28,30,14,15,32,23,15,17,7,26,22,5,36,15,7,14,7,6,5,23,18,20,36,8,21,6,6,8,5,6
0x287fda15f8f002e5df9f536f10bbfc0816960f36_3,EtherLeak,selfdestructs,21,7,5,6,5,6,22,16,22,7,28,30,14,15,32,23,15,17,7,26,22,5,36,15,7,14,7,6,5,23,18,20,36,8,21,6,6,8,5,6
0x34BC9A332350A41374aa650f1152C8D88e35a878_1,SuicidalContract,collectOwnerWinnings,23,25,22,37,38,18,32,35,24,28,12,39,13,32,10,101,47,15,29,22,16,72,14,32,19,42,66,41,13,15,11,65,13,2,29,11,17,27,37,45
0x34BC9A332350A41374aa650f1152C8D88e35a878_1,EtherLeak,collectPlayerWinnings,1019,1641,2560,2203,5606,1420,N/A,49,1124,5131,296,3107,6322,449,5065,1917,478,3733,N/A,390,2256,4616,1883,4450,759,780,N/A,6188,3058,74,1852,N/A,86,1539,772,136,5030,709,854,2180
0x34BC9A332350A41374aa650f1152C8D88e35a878_2,SuicidalContract,collectOwnerWinnings,13,13,52,13,17,31,24,81,7,22,22,43,28,28,63,17,72,20,16,9,39,44,25,42,17,38,24,28,13,23,11,30,21,39,27,21,14,16,58,42
0x3da034753b42bda1bcfa682f29685e2fd6729016,EtherLeak,withdraw,11,21,13,18,19,20,15,13,13,20,54,19,16,14,15,21,18,16,26,25,28,13,15,15,18,13,16,20,66,13,14,21,18,16,14,13,13,14,14,17
0x3f30a9ac5f4d9cccfe0331948f5a8f5df1ba3856_1,EtherLeak,sell,22,298,208,33,615,205,142,210,472,529,442,637,156,276,188,329,534,93,186,695,667,689,112,1115,143,87,21,528,642,442,305,126,1728,894,116,2106,21,186,118,653
0x3f30a9ac5f4d9cccfe0331948f5a8f5df1ba3856_3,EtherLeak,sell,24,250,432,1227,45,1722,341,188,61,716,469,159,216,643,139,550,99,905,444,55,124,898,278,861,112,154,209,58,207,24,552,194,100,163,104,216,977,635,575,163
0x42e98f6ed27fc8f76118efb7d4fe9a254bf3bcc9_1,EtherLeak,withdrawEther,3,3,4,3,3,3,3,4,3,3,4,3,3,3,4,3,3,2,3,3,3,3,3,3,5,3,3,3,4,3,3,3,4,4,4,3,3,3,3,3
0x42e98f6ed27fc8f76118efb7d4fe9a254bf3bcc9_1,EtherLeak,close,3,3,4,3,3,3,3,4,3,3,4,3,3,3,4,3,3,2,3,3,3,3,3,3,5,3,3,3,4,3,3,3,4,4,4,3,3,3,3,3
0x42e98f6ed27fc8f76118efb7d4fe9a254bf3bcc9_3,SuicidalContract,close,3,3,3,3,4,4,3,3,4,4,5,3,17,23,3,4,4,3,4,4,2,4,10,4,3,4,4,4,3,5,3,4,3,4,3,3,16,3,3,4
0x42e98f6ed27fc8f76118efb7d4fe9a254bf3bcc9_3,EtherLeak,withdrawEther,3,4,3,3,3,3,3,3,3,3,3,3,4,3,3,4,4,4,3,3,2,3,3,3,3,5,3,3,3,3,3,3,3,4,3,3,3,4,3,3
0x42e98f6ed27fc8f76118efb7d4fe9a254bf3bcc9_3,EtherLeak,close,3,4,3,3,3,3,3,3,3,3,3,3,4,3,3,4,4,4,3,3,2,3,3,3,3,5,3,3,3,3,3,3,3,4,3,3,3,4,3,3
0x43f208d94a82cc2749a140b5e82636f31ce0390d,EtherLeak,winnerReward,7,10,10,8,11,8,11,8,8,8,10,10,9,10,9,8,11,7,10,11,11,8,10,9,8,10,10,8,9,10,10,8,11,10,10,8,12,7,14,21
0x43f208d94a82cc2749a140b5e82636f31ce0390d,EtherLeak,loser,7,10,10,8,11,8,11,8,8,8,10,10,9,10,9,8,11,7,10,11,11,8,10,9,8,10,10,8,9,10,10,8,11,10,10,8,12,7,14,21
0x528732d7ff76a31bd419f1d57d549d7643c02db2_1,EtherLeak,payTokens,133,312,1717,121,2723,1767,505,324,537,265,76,1758,127,86,342,1781,347,443,705,371,1718,1045,629,87,60,72,489,361,212,323,59,1831,1708,501,1862,1700,N/A,131,36,N/A
0x528732d7ff76a31bd419f1d57d549d7643c02db2_3,EtherLeak,payTokens,231,4235,5007,4574,N/A,N/A,4170,4060,6277,6860,4098,N/A,N/A,5051,4844,1680,N/A,N/A,2440,N/A,N/A,N/A,4072,5323,N/A,1870,4247,N/A,1404,1454,N/A,N/A,6740,2818,1737,4126,4462,3985,1538,4252
0x5f7bb27f7a4702ebce052745cddc1f567ec89e15_1,SuicidalContract,stop,1,2,2,2,2,1,2,2,2,2,2,2,2,3,2,2,2,2,2,2,2,2,2,3,2,2,2,2,2,2,2,2,2,2,2,2,2,2,2,2
0x5f7bb27f7a4702ebce052745cddc1f567ec89e15_1,EtherLeak,stop,3,4,5,5,4,3,4,5,5,5,18,5,5,6,5,5,6,4,5,20,6,5,4,6,17,5,5,4,4,4,6,4,4,5,5,5,20,5,5,5
0x5f7bb27f7a4702ebce052745cddc1f567ec89e15_1,EtherLeak,kill,3,4,5,5,4,3,4,5,5,5,18,5,5,6,5,5,6,4,5,20,6,5,4,6,17,5,5,4,4,4,6,4,4,5,5,5,20,5,5,5
0x5f7bb27f7a4702ebce052745cddc1f567ec89e15_1,EtherLeak,withdrawFunds,3,4,5,5,4,3,4,5,5,5,18,5,5,6,5,5,6,4,5,20,6,5,4,6,17,5,5,4,4,4,6,4,4,5,5,5,20,5,5,5
0x5f7bb27f7a4702ebce052745cddc1f567ec89e15_2,SuicidalContract,stop,4,3,2,2,2,2,2,2,2,2,2,4,2,2,2,2,2,2,2,2,1,2,2,2,6,2,2,2,2,2,2,2,2,2,2,2,2,4,2,2
0x5f7bb27f7a4702ebce052745cddc1f567ec89e15_3,SuicidalContract,stop,4,3,5,6,5,4,6,12,5,5,5,20,6,6,5,5,6,5,5,5,6,5,6,6,5,5,5,5,6,5,6,6,15,5,6,16,5,20,6,5
0x5f7bb27f7a4702ebce052745cddc1f567ec89e15_3,EtherLeak,stop,4,3,5,6,5,4,6,14,5,5,5,20,6,6,5,5,6,5,5,6,5,5,6,6,5,5,5,5,5,5,6,6,5,5,6,13,5,20,6,5
0x5f7bb27f7a4702ebce052745cddc1f567ec89e15_3,EtherLeak,kill,4,3,5,6,5,4,6,14,5,5,5,20,6,6,5,5,6,5,5,6,5,5,6,6,5,5,5,5,5,5,6,6,5,5,6,13,5,20,6,5
0x5f7bb27f7a4702ebce052745cddc1f567ec89e15_3,EtherLeak,withdrawFunds,4,3,5,6,5,4,6,14,5,5,5,20,6,6,5,5,6,5,5,6,5,5,6,6,5,5,5,5,5,5,6,6,5,5,6,13,5,20,6,5
0x612f1bdbe93523b7f5036efa87493b76341726e3,EtherLeak,withdraw,13,15,17,14,15,17,14,19,22,19,15,13,13,12,14,24,14,10,13,15,16,18,22,44,14,13,16,13,19,15,15,15,14,13,14,24,14,17,18,13
0x724e3a236d3e9c8ad2c3d1aff181118e6e9b3026,EtherLeak,withdraw,11,18,14,24,17,19,23,38,22,16,17,16,17,14,16,14,15,16,13,18,10,19,16,15,15,34,17,15,18,18,29,20,17,15,75,13,20,20,18,16
0x7bd9084fdd5d021c226918d86c0721cb088b9b4a,EtherLeak,multiSendEth,1,1,1,1,1,1,1,1,1,1,1,1,1,1,1,1,1,1,1,1,1,1,1,1,1,1,1,1,1,1,1,1,1,1,1,1,1,1,1,1
0x860a8c64cbc7f9aac11428ef8df989f5770cda60_1,EtherLeak,transferEtherToOwner,28,8,27,19,18,10,12,24,23,23,12,39,41,29,29,32,15,22,29,13,28,9,27,31,39,15,8,13,23,40,11,28,23,19,18,31,15,8,34,9
0x860a8c64cbc7f9aac11428ef8df989f5770cda60_3,SuicidalContract,destoryContract,8,19,11,7,10,11,30,12,10,33,9,9,12,9,13,9,21,21,10,23,9,9,9,12,10,12,12,11,12,8,12,20,12,26,14,10,10,12,10,23
0x860a8c64cbc7f9aac11428ef8df989f5770cda60_3,EtherLeak,destoryContract,17,27,11,19,20,40,45,34,34,39,9,35,36,33,27,33,33,35,42,29,27,43,13,13,36,35,44,11,27,31,27,20,26,26,40,25,32,12,24,28
0x860a8c64cbc7f9aac11428ef8df989f5770cda60_3,EtherLeak,transferEtherToOwner,17,27,11,19,20,40,45,34,34,39,9,35,36,33,27,33,33,35,42,29,27,43,13,13,36,35,44,11,27,31,27,20,26,26,40,25,32,12,24,28
0x8e9f6181371013194d48bc031adf7fe179fb37e3,EtherLeak,withdraw,29,26,22,23,26,21,21,23,21,32,28,19,25,18,28,22,23,20,19,20,21,23,43,26,28,26,46,20,19,21,24,25,27,18,18,25,22,23,26,24
0x95195adFb67f28AcFC07CE09eb496188527C0303_2,SuicidalContract,kill,12,13,13,13,139,127,12,13,14,13,13,12,14,152,14,216,13,14,13,219,13,13,13,14,289,14,14,232,14,14,14,14,15,13,12,13,13,13,218,12
0x95195adFb67f28AcFC07CE09eb496188527C0303_3,SuicidalContract,kill,128,171,144,600,190,169,1338,429,198,115,212,140,119,425,129,427,172,230,135,144,193,118,98,127,241,228,164,110,209,212,2900,99,133,117,179,350,152,150,420,6147
0x95195adFb67f28AcFC07CE09eb496188527C0303_3,EtherLeak,kill,128,171,144,600,190,169,1338,429,198,115,212,140,119,425,129,427,172,230,135,144,193,118,98,127,241,228,164,110,209,212,2900,99,133,117,179,350,152,150,420,6147
0x9ac4883b0226fb37fa362dbd76564c539c4f0ee6_1,EtherLeak,withdrawFunds,3,4,4,3,3,3,5,4,3,3,3,3,4,4,3,3,4,4,4,3,3,4,3,4,3,3,5,3,3,3,3,4,3,4,3,3,3,4,4,3
0x9ac4883b0226fb37fa362dbd76564c539c4f0ee6_1,EtherLeak,finish,3,4,4,3,3,3,5,4,3,3,3,3,4,4,3,3,4,4,4,3,3,4,3,4,3,3,5,3,3,3,3,4,3,4,3,3,3,4,4,3
0x9ac4883b0226fb37fa362dbd76564c539c4f0ee6_3,EtherLeak,withdrawFunds,17,15,12,26,17,8,31,26,35,25,18,25,31,18,22,29,21,31,32,18,18,29,61,13,8,7,21,28,24,17,22,17,16,30,20,12,18,10,30,37
0x9ac4883b0226fb37fa362dbd76564c539c4f0ee6_3,EtherLeak,withdraw,17,15,12,26,17,8,31,26,35,25,18,25,31,18,22,29,21,31,32,18,18,29,61,13,8,7,21,28,24,17,22,17,16,30,20,12,18,10,30,37
0xa78a974b487357ad5c17a072dfee4d31b839b331_1,EtherLeak,bigCheckOut,6046,N/A,5794,3429,900,1090,1039,N/A,207,132,1000,191,3972,7168,3003,7198,1012,1760,1141,N/A,5957,N/A,499,291,1200,N/A,1357,1824,696,5067,426,2347,128,367,4352,1725,667,4020,2843,3917
0xa78a974b487357ad5c17a072dfee4d31b839b331_1,EtherLeak,sendAll,6046,N/A,5794,3429,900,1090,1039,N/A,207,132,1000,191,3972,7168,3003,7198,1012,1760,1141,N/A,5957,N/A,499,291,1200,N/A,1357,1824,696,5067,426,2347,128,367,4352,1725,667,4020,2843,3917
0xa78a974b487357ad5c17a072dfee4d31b839b331_1,EtherLeak,smallCheckOut,6046,N/A,5794,3429,900,1090,1039,N/A,207,132,1000,191,3972,7168,3003,7198,1012,1760,1141,N/A,5957,N/A,499,291,1200,N/A,1357,1824,696,5067,426,2347,128,367,4352,1725,667,4020,2843,3917
0xa78a974b487357ad5c17a072dfee4d31b839b331_2,SuicidalContract,kill,3,2,3,3,3,3,3,3,4,3,3,3,N/A,3,3,3,3,N/A,4,3,7,3,3,3,5,3,5,3,3,3,4,3,3,3,3,4,4,6,7,3
0xa78a974b487357ad5c17a072dfee4d31b839b331_2,EtherLeak,bigCheckOut,123,2301,2763,330,2164,5361,3026,172,3977,1617,204,4313,N/A,1899,3292,363,5285,N/A,923,2850,2561,2242,3593,4830,1703,2344,2276,1508,7034,2567,1713,478,122,3096,1805,324,670,1335,2662,254
0xa78a974b487357ad5c17a072dfee4d31b839b331_2,EtherLeak,sendAll,123,2301,2763,330,2164,5361,3026,172,3977,1617,204,4313,N/A,1899,3292,363,5285,N/A,923,2850,2561,2242,3593,4830,1703,2344,2276,1508,7034,2567,1713,478,122,3096,1805,324,670,1335,2662,254
0xa78a974b487357ad5c17a072dfee4d31b839b331_2,EtherLeak,smallCheckOut,123,2301,2763,330,2164,5361,3026,172,3977,1617,204,4313,N/A,1899,3292,363,5285,N/A,923,2850,2561,2242,3593,4830,1703,2344,2276,1508,7034,2567,1713,478,122,3096,1805,324,670,1335,2662,254
0xb5c0e43a6330b9eb904ec57ea24d70269ae4652e,EtherLeak,destroycontract,2,2,2,2,2,2,3,5,3,2,3,2,2,3,2,2,2,2,3,2,6,2,2,3,7,4,3,2,3,2,2,3,3,2,5,2,3,2,2,4
0xb60e133dacf00b6f560909dc0a5311ae7f9a659b,EtherLeak,kill,4,2,2,3,2,3,2,3,2,4,2,2,2,2,3,2,3,2,2,5,3,2,5,2,2,2,2,2,2,2,2,2,2,2,3,5,2,2,6,5
0xd152f549545093347a162dce210e7293f1452150,EtherLeak,disperseEther,1,1,1,1,1,1,1,1,1,1,1,1,1,1,1,1,1,1,1,1,1,1,1,1,1,1,1,1,1,1,1,1,1,1,1,1,1,1,1,1
0xdcd03c274982b15341b570f39e0f72e730d11f32_1,EtherLeak,@fallback,3,4,15,16,4,24,19,9,22,3,15,10,16,23,4,3,19,12,3,3,19,16,9,16,14,4,23,18,24,4,16,8,109,17,14,4,9,13,4,25
0xdcd03c274982b15341b570f39e0f72e730d11f32_3,EtherLeak,@fallback,3,3,3,3,3,3,3,3,3,3,3,3,3,3,3,3,3,3,3,3,3,3,3,3,3,3,3,3,3,3,3,3,3,3,3,3,3,3,2,3
0xdcd03c274982b15341b570f39e0f72e730d11f32_3,EtherLeak,finalizeIco,3,3,3,3,3,3,3,3,3,3,3,3,3,3,3,3,3,3,3,3,3,3,3,3,3,3,3,3,3,3,3,3,3,3,3,3,3,3,2,3
0xdd97853ba34af302f3d6a6415a750ae38e26d1fc,EtherLeak,winnerReward,7,9,8,11,10,10,11,8,8,17,11,11,10,10,8,11,10,10,14,10,7,11,10,11,11,11,8,10,7,10,10,8,10,14,10,11,11,11,11,10
0xdd97853ba34af302f3d6a6415a750ae38e26d1fc,EtherLeak,loser,7,9,8,11,10,10,11,8,8,17,11,11,10,10,8,11,10,10,14,10,7,11,10,11,11,11,8,10,7,10,10,8,10,14,10,11,11,11,11,10
0xdd97853ba34af302f3d6a6415a750ae38e26d1fc,EtherLeak,draw,7,9,8,11,10,10,11,8,8,17,11,11,10,10,8,11,10,10,14,10,7,11,10,11,11,11,8,10,7,10,10,8,10,14,10,11,11,11,11,10
0xead71f4d060ddc7656c959b482fbdfaca95c5d9d,SuicidalContract,selfdestructs,3,3,3,1,1,1,1,1,4,1,1,4,1,1,1,1,4,2,1,3,1,3,1,3,3,1,4,1,1,1,1,4,1,3,4,1,1,3,1,1
0xf7a3c5e0310ed2bafde8e782f43ab38c1cfa279d_1,EtherLeak,manualWithdrawEther,552,465,1010,1810,1043,1740,302,627,471,1464,1796,283,266,1683,3703,1343,1425,442,5577,333,1481,399,2418,636,421,3129,725,5126,193,3100,1799,N/A,201,901,48,460,5315,343,1963,890
0xf7a3c5e0310ed2bafde8e782f43ab38c1cfa279d_3,EtherLeak,manualWithdrawEther,1334,1897,350,569,6196,N/A,198,657,578,328,345,4726,193,57,1372,1199,387,202,368,611,220,N/A,116,100,1256,238,792,989,456,192,722,966,184,486,267,735,513,1149,508,43
0xfbfa60a21b423cb364de616a37464b61c1bc4c88_1,EtherLeak,kill,8,12,11,10,10,10,7,6,10,12,7,9,8,9,11,6,7,6,8,7,7,10,12,8,7,8,8,11,12,7,7,6,8,6,10,9,8,18,7,7
0xfbfa60a21b423cb364de616a37464b61c1bc4c88_1,EtherLeak,withdrawFunds,8,12,11,10,10,10,7,6,10,12,7,9,8,9,11,6,7,6,8,7,7,10,12,8,7,8,8,11,12,7,7,6,8,6,10,9,8,18,7,7
0xfbfa60a21b423cb364de616a37464b61c1bc4c88_2,EtherLeak,kill,7,6,9,7,7,8,6,15,6,6,6,8,6,8,7,8,9,9,9,8,8,7,8,6,6,19,7,16,10,10,10,8,5,10,9,7,7,7,6,7
0xfbfa60a21b423cb364de616a37464b61c1bc4c88_2,EtherLeak,withdrawFunds,7,6,9,7,7,8,6,15,6,6,6,8,6,8,7,8,9,9,9,8,8,7,8,6,6,19,7,16,10,10,10,8,5,10,9,7,7,7,6,7
0xfbfa60a21b423cb364de616a37464b61c1bc4c88_3,SuicidalContract,kill,13,35,38,37,40,43,26,37,34,33,28,16,33,46,37,43,36,26,33,34,40,39,45,33,36,39,31,47,38,31,25,53,39,37,28,45,45,52,22,35
0xfbfa60a21b423cb364de616a37464b61c1bc4c88_3,EtherLeak,kill,13,35,38,37,40,43,26,37,34,33,28,16,33,46,37,43,36,26,33,34,40,39,39,33,35,39,31,47,38,31,25,53,39,37,28,45,45,52,22,35
0xfbfa60a21b423cb364de616a37464b61c1bc4c88_3,EtherLeak,withdrawFunds,13,35,38,37,40,43,26,37,34,33,28,16,33,46,37,43,36,26,33,34,40,39,39,33,35,39,31,47,38,31,25,53,39,37,28,45,45,52,22,35
0xfc1078a7bb4521881663df4148434acd991af14c_3,SuicidalContract,destroy,7,13,9,18,14,7,16,13,19,19,14,15,22,12,8,8,10,9,11,18,9,7,7,10,8,7,15,8,7,8,7,17,18,9,18,9,9,11,19,8
0xfc1078a7bb4521881663df4148434acd991af14c_3,EtherLeak,destroy,22,19,83,19,14,20,16,48,25,30,14,24,22,32,11,21,24,9,34,18,28,21,9,25,21,33,30,20,24,41,7,21,22,45,24,9,22,54,23,31
parity_wallet_bug_2,SuicidalContract,kill,3,13,3,3,3,3,3,3,3,17,3,3,20,3,3,3,3,17,3,3,3,3,3,3,3,27,3,3,3,3,3,3,2,3,3,3,20,3,2,3
parity_wallet_bug_2,EtherLeak,kill,20,23,17,15,21,23,15,18,20,36,20,20,34,15,22,22,30,25,20,17,19,18,15,16,22,31,15,16,19,21,14,24,20,27,15,18,20,17,17,19
parity_wallet_bug_2,EtherLeak,execute,20,23,17,15,21,23,15,18,20,36,20,20,34,15,22,22,30,25,20,17,19,18,15,16,22,31,15,16,19,21,14,24,20,27,15,18,20,17,17,19
wallet_02_refund_nosub,EtherLeak,withdraw,8,15,3,14,2,4,2,7,4,5,2,9,4,2,4,11,5,2,4,3,4,4,2,2,4,2,5,1,4,8,4,4,8,6,2,8,5,2,2,1
wallet_02_refund_nosub,EtherLeak,refund,8,15,3,14,2,4,2,7,4,5,2,9,4,2,4,11,5,2,4,3,4,4,2,2,4,2,5,1,4,8,4,4,8,6,2,8,5,2,2,1
